Name,City,Rank,Img
道顿堀,大阪市,"排名第 1 (共 1,296 名)",https://ccm.ddcdn.com/ext/photo-i/10/2c/46/73/img20170801223316-largejpg.jpg
伏见稻荷大社,京都市,"排名第 1 (共 1,376 名)",https://ccm.ddcdn.com/ext/photo-i/12/10/f5/a1/photo0jpg.jpg
金阁寺,京都市,"排名第 2 (共 1,376 名)",https://ccm.ddcdn.com/ext/photo-i/10/13/db/18/photo3jpg.jpg
清水寺,京都市,"排名第 3 (共 1,376 名)",https://ccm.ddcdn.com/ext/photo-f/0e/de/8a/81/caption.jpg
Okeiko Japan Miyajima,廿日市市,排名第 1 (共 102 名),https://ccm.ddcdn.com/ext/photo-w/10/09/6e/6d/tea-ceremony.jpg
Myoko Snowsports,妙高市,排名第 1 (共 37 名),https://ccm.ddcdn.com/ext/photo-f/05/7a/de/c1/myoko-snowsports.jpg
Ran Theatre Kyoto,京都市,"排名第 6 (共 1,376 名)",https://ccm.ddcdn.com/ext/photo-i/0e/b8/8b/48/koto-shinobue-japanese.jpg
奈良猿泽游客观光中心,奈良市,排名第 1 (共 225 名),https://ccm.ddcdn.com/ext/photo-f/08/d2/c1/25/caption.jpg
高野山奥之院,高野町,排名第 1 (共 66 名),https://ccm.ddcdn.com/ext/photo-f/01/7a/84/dc/kobo-daishi-again.jpg
宫岛町,廿日市市,排名第 2 (共 102 名),https://ccm.ddcdn.com/ext/photo-i/0e/dc/68/40/photo6jpg.jpg
白谷云水峡,屋久岛町,排名第 1 (共 82 名),https://ccm.ddcdn.com/ext/photo-f/02/24/6b/5d/caption.jpg
八重干濑,宫古岛市,排名第 1 (共 151 名),https://ccm.ddcdn.com/ext/photo-f/02/9e/c4/61/filename-216-jpg-thumbnail0.jpg
西浜海滩,竹富町波照间岛,排名第 1 (共 15 名),https://ccm.ddcdn.com/ext/photo-i/0e/8b/a9/7b/caption.jpg
原子弹爆炸圆顶屋,广岛市,排名第 1 (共 295 名),https://ccm.ddcdn.com/ext/photo-f/10/72/70/48/photo4jpg.jpg
东大寺,奈良市,排名第 2 (共 225 名),https://ccm.ddcdn.com/ext/photo-i/10/7b/c2/61/die-grosste-buddhastatue.jpg
Mimamishima,小笠原村,排名第 1 (共 81 名),https://ccm.ddcdn.com/ext/photo-f/02/71/16/b4/filename-dsc00434-3-jpg.jpg
Taikoiwa,屋久岛町,排名第 2 (共 82 名),https://ccm.ddcdn.com/ext/photo-f/06/0c/b8/95/caption.jpg
丰岛美术馆,土庄町,排名第 1 (共 57 名),https://ccm.ddcdn.com/ext/photo-f/02/f7/95/f7/caption.jpg
严岛神社,廿日市市,排名第 3 (共 102 名),https://ccm.ddcdn.com/ext/photo-b/1280x250/11/59/9f/d7/photo0jpg.jpg
书写山圆教寺,姬路市,排名第 1 (共 425 名),https://ccm.ddcdn.com/ext/photo-i/12/ff/cc/00/img-9995-largejpg.jpg
永观堂,京都市,"排名第 7 (共 1,376 名)",https://ccm.ddcdn.com/ext/photo-i/0d/cb/ea/49/photo1jpg.jpg
古座间味海滩,座间味村,排名第 1 (共 45 名),https://ccm.ddcdn.com/ext/photo-f/01/9c/c4/7f/caption.jpg
广岛和平纪念资料馆,广岛市,排名第 2 (共 295 名),https://ccm.ddcdn.com/ext/photo-i/10/61/f6/25/exterior.jpg
Hirosaki Cherry Blossom Festival,弘前市,排名第 1 (共 114 名),https://ccm.ddcdn.com/ext/photo-f/0a/8b/73/2f/hirosaki-cherry-blossom.jpg
广岛和平纪念公园,广岛市,排名第 3 (共 295 名),https://ccm.ddcdn.com/ext/photo-i/0f/a3/11/ee/caption.jpg
高野山,高野町,排名第 2 (共 66 名),https://ccm.ddcdn.com/ext/photo-i/11/46/ee/35/caption.jpg
箱根露天博物馆,箱根町,排名第 1 (共 119 名),https://ccm.ddcdn.com/ext/photo-f/03/16/49/9f/caption.jpg
HIS游客咨询中心,涩谷区,排名第 1 (共 276 名),https://ccm.ddcdn.com/ext/photo-f/0f/78/de/8f/consulting.jpg
Nozawa Onsen Ski Resort,野泽温泉村,排名第 1 (共 22 名),https://ccm.ddcdn.com/ext/photo-i/0e/88/91/9d/caption.jpg
富士山,中部,"排名第 3 (共 10,870 名)",https://ccm.ddcdn.com/ext/photo-i/0f/01/c1/47/photo0jpg.jpg
